"平均湿度, x; 就诊人数, x","平均湿度, y","就诊人数, y"
d51d21,8c9cfb,e8f061
2013-11-01,90,208
2013-11-02,93,227
2013-11-03,54,152
2013-11-04,35,262
2013-11-05,51,241
2013-11-06,37,222
2013-11-07,20,227
2013-11-08,56,212
2013-11-09,90,248
2013-11-10,41,180
2013-11-11,42,268
2013-11-12,44,250
2013-11-13,39,224
2013-11-14,38,231
2013-11-15,26,233
2013-11-16,27,272
2013-11-17,25,186
2013-11-18,29,273
2013-11-19,29,242
2013-11-20,39,231
2013-11-21,61,230
2013-11-22,56,213
2013-11-23,75,229
2013-11-24,91,133
2013-11-25,45,290
2013-11-26,43,239
2013-11-27,27,241
2013-11-28,24,253
2013-11-29,24,223
2013-11-30,55,283
2013-12-01,37,215
2013-12-02,36,316
2013-12-03,43,320
2013-12-04,27,291
2013-12-05,66,264
2013-12-06,49,297
2013-12-07,48,336
2013-12-08,77,203
2013-12-09,42,293
2013-12-10,33,315
2013-12-11,22,307
2013-12-12,31,290
2013-12-13,38,281
2013-12-14,59,324
2013-12-15,53,225
2013-12-16,45,397
2013-12-17,64,357
2013-12-18,57,307
2013-12-19,69,284
2013-12-20,44,296
2013-12-21,47,285
2013-12-22,47,202
2013-12-23,57,332
2013-12-24,51,333
2013-12-25,49,341
2013-12-26,28,353
2013-12-27,28,317
2013-12-28,31,354
2013-12-29,17,264
2013-12-30,18,452
2013-12-31,20,403
2014-01-01,23,364
2014-01-02,22,361
2014-01-03,39,460
2014-01-04,45,400
2014-01-05,64,310
2014-01-06,66,410
2014-01-07,69,385
2014-01-08,61,408
2014-01-09,51,362
2014-01-10,65,401
2014-01-11,51,441
2014-01-12,60,325
2014-01-13,49,427
2014-01-14,69,424
2014-01-15,40,398
2014-01-16,61,363
2014-01-17,79,351
2014-01-18,34,322
2014-01-19,38,233
2014-01-20,21,344
2014-01-21,22,301
2014-01-22,19,318
2014-01-23,21,287
2014-01-24,41,303
2014-01-25,41,224
2014-01-26,23,260
2014-01-27,41,329
2014-01-28,27,270
2014-01-29,61,230
2014-01-30,67,164
2014-01-31,78,118
2014-02-01,95,139
2014-02-02,84,163
2014-02-03,46,174
2014-02-04,31,160
2014-02-05,82,159
2014-02-06,81,146
2014-02-07,82,203
2014-02-08,67,210
2014-02-09,58,135
2014-02-10,49,204
2014-02-11,51,174
2014-02-12,47,166
2014-02-13,38,205
2014-02-14,45,131
2014-02-15,49,143
2014-02-16,59,93
2014-02-17,54,182
2014-02-18,33,171
2014-02-19,49,159
2014-02-20,42,159
2014-02-21,42,166
2014-02-22,38,158
2014-02-23,49,124
2014-02-24,55,208
2014-02-25,40,202
2014-02-26,66,169
2014-02-27,54,185
2014-02-28,41,171
2014-03-01,52,181
2014-03-02,42,136
2014-03-03,22,208
2014-03-04,48,174
2014-03-05,32,176
2014-03-06,37,191
2014-03-07,43,183
2014-03-08,48,227
2014-03-09,41,154
2014-03-10,34,226
2014-03-11,32,215
2014-03-12,43,168
2014-03-13,26,184
2014-03-14,16,204
2014-03-15,24,207
2014-03-16,26,148
2014-03-17,40,219
2014-03-18,29,203
2014-03-19,45,169
2014-03-20,23,219
2014-03-21,24,195
2014-03-22,24,184
2014-03-23,31,125
2014-03-24,40,220
2014-03-25,60,235
2014-03-26,43,167
2014-03-27,26,175
2014-03-28,65,185
2014-03-29,68,207
2014-03-30,32,127
2014-03-31,34,193
2014-04-01,28,186
2014-04-02,42,206
2014-04-03,34,178
2014-04-04,25,206
2014-04-05,24,131
2014-04-06,26,144
2014-04-07,30,242
2014-04-08,41,230
2014-04-09,42,218
2014-04-10,58,193
2014-04-11,73,198
2014-04-12,83,202
2014-04-13,62,128
2014-04-14,44,257
2014-04-15,58,235
2014-04-16,52,199
2014-04-17,89,202
2014-04-18,72,214
2014-04-19,46,225
2014-04-20,62,161
2014-04-21,66,227
2014-04-22,46,212
2014-04-23,38,190
2014-04-24,32,238
2014-04-25,55,223
2014-04-26,94,207
2014-04-27,85,140
2014-04-28,47,269
2014-04-29,37,236
2014-04-30,37,196
2014-05-01,42,152
2014-05-02,23,131
2014-05-03,24,154
2014-05-04,20,207
2014-05-05,21,266
2014-05-06,28,211
2014-05-07,36,179
2014-05-08,24,224
2014-05-09,20,186
2014-05-10,61,203
2014-05-11,72,108
2014-05-12,30,215
2014-05-13,38,210
2014-05-14,33,226
2014-05-15,24,221
2014-05-16,42,193
2014-05-17,28,184
2014-05-18,31,135
2014-05-19,64,234
2014-05-20,40,213
2014-05-21,28,192
2014-05-22,27,180
2014-05-23,31,196
2014-05-24,77,223
2014-05-25,29,157
2014-05-26,15,214
2014-05-27,16,215
2014-05-28,15,186
2014-05-29,18,183
2014-05-30,20,201
2014-05-31,27,138
2014-06-01,69,141
2014-06-02,76,217
2014-06-03,52,232
2014-06-04,56,216
2014-06-05,44,223
2014-06-06,53,165
2014-06-07,39,204
2014-06-08,35,169
2014-06-09,70,236
2014-06-10,49,215
2014-06-11,63,174
2014-06-12,41,194
2014-06-13,37,208
2014-06-14,35,219
2014-06-15,65,171
2014-06-16,73,241
2014-06-17,70,234
2014-06-18,58,198
2014-06-19,81,191
2014-06-20,92,193
2014-06-21,87,225
2014-06-22,69,147
2014-06-23,57,248
2014-06-24,47,227
2014-06-25,75,197
2014-06-26,60,212
2014-06-27,51,201
2014-06-28,37,201
2014-06-29,47,148
2014-06-30,55,196
2014-07-01,55,245
2014-07-02,73,223
2014-07-03,62,214
2014-07-04,82,193
2014-07-05,67,218
2014-07-06,56,125
2014-07-07,59,245
2014-07-08,63,227
2014-07-09,54,212
2014-07-10,75,186
2014-07-11,59,196
2014-07-12,65,195
2014-07-13,60,156
2014-07-14,54,239
2014-07-15,64,244
2014-07-16,59,193
2014-07-17,60,181
2014-07-18,58,248
2014-07-19,67,174
2014-07-20,61,140
2014-07-21,62,195
2014-07-22,76,164
2014-07-23,75,160
2014-07-24,90,160
2014-07-25,86,159
2014-07-26,54,142
2014-07-27,55,153
2014-07-28,59,287
2014-07-29,60,220
2014-07-30,75,205
2014-07-31,78,193
2014-08-01,84,223
2014-08-02,67,201
2014-08-03,64,167
2014-08-04,64,246
2014-08-05,89,203
2014-08-06,81,208
2014-08-07,69,246
2014-08-08,56,243
2014-08-09,76,207
2014-08-10,66,167
2014-08-11,67,227
2014-08-12,50,235
2014-08-13,78,231
2014-08-14,73,214
2014-08-15,59,231
2014-08-16,64,206
2014-08-17,92,133
2014-08-18,89,277
2014-08-19,79,242
2014-08-20,63,210
2014-08-21,60,198
2014-08-22,61,239
2014-08-23,68,227
2014-08-24,79,160
2014-08-25,64,264
2014-08-26,38,253
2014-08-27,61,216
2014-08-28,81,220
2014-08-29,70,219
2014-08-30,79,179
2014-08-31,82,163
2014-09-01,75,223
2014-09-02,84,205
2014-09-03,83,180
2014-09-04,45,203
2014-09-05,57,222
2014-09-06,64,258
2014-09-07,79,182
2014-09-08,72,178
2014-09-09,63,223
2014-09-10,50,245
2014-09-11,56,270
2014-09-12,86,233
2014-09-13,68,242
2014-09-14,94,156
2014-09-15,97,240
2014-09-16,93,196
2014-09-17,99,209
2014-09-18,89,217
2014-09-19,72,244
2014-09-20,62,260
2014-09-21,70,169
2014-09-22,63,314
2014-09-23,67,277
2014-09-24,81,238
2014-09-25,70,247
2014-09-26,70,227
2014-09-27,79,262
2014-09-28,93,152
2014-09-29,74,281
2014-09-30,63,243
2014-10-01,66,161
2014-10-02,76,184
2014-10-03,48,167
2014-10-04,75,165
2014-10-05,57,165
2014-10-06,44,262
2014-10-07,45,230
2014-10-08,53,207
2014-10-09,59,209
2014-10-10,59,188
2014-10-11,55,197
2014-10-12,63,136
2014-10-13,39,211
2014-10-14,30,253
2014-10-15,24,202
2014-10-16,18,177
2014-10-17,40,186
2014-10-18,33,252
2014-10-19,91,140
2014-10-20,88,247
2014-10-21,71,231
2014-10-22,58,207
2014-10-23,61,216
2014-10-24,48,200
2014-10-25,46,206
2014-10-26,50,127
2014-10-27,48,220
2014-10-28,49,221
2014-10-29,57,227
2014-10-30,87,217
2014-10-31,94,216
2014-11-01,81,245
2014-11-02,30,167
2014-11-03,28,270
2014-11-04,33,278
2014-11-05,57,211
2014-11-06,55,242
2014-11-07,49,211
2014-11-08,62,257
2014-11-09,61,170
2014-11-10,54,300
2014-11-11,49,240
2014-11-12,23,246
2014-11-13,28,256
2014-11-14,37,259
2014-11-15,60,331
2014-11-16,67,210
2014-11-17,37,336
2014-11-18,35,340
2014-11-19,37,300
2014-11-20,43,306
2014-11-21,58,312
2014-11-22,47,325
2014-11-23,81,216
2014-11-24,79,347
2014-11-25,41,364
2014-11-26,70,321
2014-11-27,92,337
2014-11-28,93,309
2014-11-29,89,306
2014-11-30,60,241
2014-12-01,32,338
2014-12-02,34,335
2014-12-03,40,342
2014-12-04,31,330
2014-12-05,30,329
2014-12-06,27,328
2014-12-07,52,250
2014-12-08,39,392
2014-12-09,59,353
2014-12-10,50,352
2014-12-11,33,356
2014-12-12,31,356
2014-12-13,24,373
2014-12-14,38,327
2014-12-15,32,416
2014-12-16,26,405
2014-12-17,21,386
2014-12-18,23,402
2014-12-19,30,412
2014-12-20,29,352
2014-12-21,21,346
2014-12-22,22,479
2014-12-23,32,433
2014-12-24,55,391
2014-12-25,38,428
2014-12-26,37,430
2014-12-27,51,443
2014-12-28,40,328
2014-12-29,22,442
2014-12-30,40,457
2014-12-31,30,430
2015-01-01,20,321
2015-01-02,21,275
2015-01-03,32,322
2015-01-04,36,408
2015-01-05,62,392
2015-01-06,32,346
2015-01-07,29,322
2015-01-08,40,340
2015-01-09,45,370
2015-01-10,35,370
2015-01-11,39,285
2015-01-12,34,350
2015-01-13,40,400
2015-01-14,66,326
2015-01-15,73,348
2015-01-16,45,322
2015-01-17,28,313
2015-01-18,29,273
2015-01-19,21,373
2015-01-20,31,346
2015-01-21,75,307
2015-01-22,36,296
2015-01-23,38,302
2015-01-24,67,299
2015-01-25,75,227
2015-01-26,83,340
2015-01-27,47,310
2015-01-28,51,275
2015-01-29,72,286
2015-01-30,31,264
2015-01-31,31,312
2015-02-01,32,206
2015-02-02,37,310
2015-02-03,57,352
2015-02-04,33,293
2015-02-05,33,276
2015-02-06,36,276
2015-02-07,53,291
2015-02-08,24,187
2015-02-09,27,266
2015-02-10,34,195
2015-02-11,49,220
2015-02-12,39,216
2015-02-13,36,236
2015-02-14,35,197
2015-02-15,96,194
2015-02-16,50,226
2015-02-17,44,201
2015-02-18,46,112
2015-02-19,44,79
2015-02-20,62,106
2015-02-21,63,145
2015-02-22,31,127
2015-02-23,30,143
2015-02-24,57,178
2015-02-25,55,242
2015-02-26,36,230
2015-02-27,35,238
2015-02-28,54,186
2015-03-01,27,187
2015-03-02,40,275
2015-03-03,18,228
2015-03-04,18,215
2015-03-05,23,210
2015-03-06,31,210
2015-03-07,42,184
2015-03-08,64,145
2015-03-09,29,195
2015-03-10,21,187
2015-03-11,26,192
2015-03-12,37,190
2015-03-13,28,155
2015-03-14,29,194
2015-03-15,40,123
2015-03-16,60,220
2015-03-17,83,202
2015-03-18,62,197
2015-03-19,44,177
2015-03-20,34,188
2015-03-21,19,195
2015-03-22,26,143
2015-03-23,20,228
2015-03-24,29,202
2015-03-25,21,202
2015-03-26,25,220
2015-03-27,45,187
2015-03-28,36,219
2015-03-29,28,138
2015-03-30,46,245
2015-03-31,81,220
2015-04-01,89,153
2015-04-02,95,179
2015-04-03,71,195
2015-04-04,76,162
2015-04-05,57,131
2015-04-06,44,206
2015-04-07,38,204
2015-04-08,36,196
2015-04-09,50,195
2015-04-10,41,203
2015-04-11,44,191
2015-04-12,82,114
2015-04-13,94,205
2015-04-14,35,248
2015-04-15,31,208
2015-04-16,20,228
2015-04-17,33,224
2015-04-18,60,254
2015-04-19,93,157
2015-04-20,41,201
2015-04-21,46,228
2015-04-22,32,195
2015-04-23,46,175
2015-04-24,57,173
2015-04-25,36,154
2015-04-26,32,139
2015-04-27,43,255
2015-04-28,88,193
2015-04-29,75,195
2015-04-30,52,225
2015-05-01,51,138
2015-05-02,91,128
2015-05-03,47,125
2015-05-04,25,218
2015-05-05,47,199
2015-05-06,84,161
2015-05-07,58,218
2015-05-08,62,197
2015-05-09,91,198
2015-05-10,84,116
2015-05-11,65,195
2015-05-12,32,223
2015-05-13,48,187
2015-05-14,42,216
2015-05-15,42,187
2015-05-16,49,176
2015-05-17,44,121
2015-05-18,46,274
2015-05-19,28,231
2015-05-20,32,205
2015-05-21,41,217
2015-05-22,45,197
2015-05-23,42,225
2015-05-24,44,151
2015-05-25,40,249
2015-05-26,48,238
2015-05-27,45,206
2015-05-28,55,224
2015-05-29,73,192
2015-05-30,48,248
2015-05-31,44,143
2015-06-01,53,238
2015-06-02,47,282
2015-06-03,26,228
2015-06-04,41,216
2015-06-05,26,217
2015-06-06,31,268
2015-06-07,63,143
2015-06-08,36,301
2015-06-09,31,252
2015-06-10,54,236
2015-06-11,35,226
2015-06-12,29,235
2015-06-13,49,288
2015-06-14,48,180
2015-06-15,49,270
2015-06-16,49,244
2015-06-17,45,210
2015-06-18,44,249
2015-06-19,67,217
2015-06-20,51,151
2015-06-21,44,138
2015-06-22,44,262
2015-06-23,58,256
2015-06-24,75,179
2015-06-25,93,165
2015-06-26,70,175
2015-06-27,66,197
2015-06-28,61,134
2015-06-29,90,200
2015-06-30,79,208
2015-07-01,47,211
2015-07-02,39,209
2015-07-03,44,178
2015-07-04,40,188
2015-07-05,48,140
2015-07-06,63,214
2015-07-07,63,231
2015-07-08,51,225
2015-07-09,55,236
2015-07-10,59,209
2015-07-11,76,198
2015-07-12,61,139
2015-07-13,42,273
2015-07-14,59,209
2015-07-15,65,212
2015-07-16,79,192
2015-07-17,72,205
2015-07-18,77,183
2015-07-19,72,136
2015-07-20,80,217
2015-07-21,79,181
2015-07-22,74,179
2015-07-23,79,247
2015-07-24,63,218
2015-07-25,60,229
2015-07-26,62,143
2015-07-27,61,230
2015-07-28,67,218
2015-07-29,63,201
2015-07-30,73,195
2015-07-31,78,222
2015-08-01,74,234
2015-08-02,68,175
2015-08-03,83,211
2015-08-04,85,179
2015-08-05,73,216
2015-08-06,90,185
2015-08-07,82,235
2015-08-08,76,175
2015-08-09,82,157
2015-08-10,72,266
2015-08-11,72,254
2015-08-12,60,251
2015-08-13,56,254
2015-08-14,71,258
2015-08-15,80,241
2015-08-16,82,149
2015-08-17,69,273
2015-08-18,62,253
2015-08-19,75,235
2015-08-20,66,232
2015-08-21,63,237
2015-08-22,69,221
2015-08-23,68,174
2015-08-24,83,296
2015-08-25,86,253
2015-08-26,77,256
2015-08-27,64,263
2015-08-28,60,266
2015-08-29,64,237
2015-08-30,62,162
2015-08-31,91,239
2015-09-01,89,274
2015-09-02,91,237
2015-09-03,74,167
2015-09-04,86,173
2015-09-05,81,176
2015-09-06,69,219
2015-09-07,54,270
2015-09-08,65,278
2015-09-09,85,237
2015-09-10,90,208
2015-09-11,88,234
2015-09-12,49,268
2015-09-13,45,159
2015-09-14,54,278
2015-09-15,65,284
2015-09-16,64,243
2015-09-17,62,245
2015-09-18,63,278
2015-09-19,63,310
2015-09-20,45,160
2015-09-21,60,288
2015-09-22,68,279
2015-09-23,65,260
2015-09-24,69,269
2015-09-25,57,243
2015-09-26,34,254
2015-09-27,48,158
2015-09-28,69,305
2015-09-29,57,302
2015-09-30,62,289
2015-10-01,36,182
2015-10-02,34,156
2015-10-03,42,160
2015-10-04,42,153
2015-10-05,45,164
2015-10-06,54,204
2015-10-07,82,269
2015-10-08,37,249
2015-10-09,27,228
2015-10-10,30,210
2015-10-11,37,139
2015-10-12,32,275
2015-10-13,27,234
2015-10-14,32,239
2015-10-15,54,256
2015-10-16,41,256
2015-10-17,43,283
2015-10-18,70,161
2015-10-19,65,276
2015-10-20,65,283
2015-10-21,74,224
2015-10-22,78,274
2015-10-23,82,218
2015-10-24,67,203
2015-10-25,63,139
2015-10-26,90,285
2015-10-27,38,257
2015-10-28,49,230
2015-10-29,36,246
2015-10-30,37,238
2015-10-31,34,288
2015-11-01,53,164
2015-11-02,36,299
2015-11-03,39,280
2015-11-04,65,287
2015-11-05,83,339
2015-11-06,100,210
2015-11-07,98,310
2015-11-08,95,129
2015-11-09,88,271
2015-11-10,91,251
2015-11-11,83,263
2015-11-12,84,258
2015-11-13,100,202
2015-11-14,81,254
2015-11-15,86,154
2015-11-16,82,254
2015-11-17,78,270
2015-11-18,84,257
2015-11-19,83,251
2015-11-20,95,249
2015-11-21,100,311
2015-11-22,92,139
2015-11-23,84,274
2015-11-24,90,200
2015-11-25,78,196
2015-11-26,54,200
2015-11-27,58,232
2015-11-28,78,266
2015-11-29,88,153
2015-11-30,92,304
2015-12-01,86,274
2015-12-02,45,267
2015-12-03,42,296
2015-12-04,40,259
2015-12-05,50,302
2015-12-06,42,184
2015-12-07,53,331
2015-12-08,58,339
2015-12-09,77,298
2015-12-10,79,336
2015-12-11,69,301
2015-12-12,66,318
2015-12-13,68,218
2015-12-14,67,338
2015-12-15,38,355
2015-12-16,34,319
2015-12-17,30,338
2015-12-18,33,330
2015-12-19,42,333
2015-12-20,52,229
2015-12-21,42,381
2015-12-22,69,335
2015-12-23,82,306
2015-12-24,85,332
2015-12-25,40,332
2015-12-26,60,340
2015-12-27,51,248
2015-12-28,58,402
2015-12-29,70,353
2015-12-30,59,327
2015-12-31,47,378
2016-01-01,35,210
2016-01-02,54,281
2016-01-03,85,242
2016-01-04,68,410
2016-01-05,68,409
2016-01-06,88,304
2016-01-07,61,410
2016-01-08,65,335
2016-01-09,43,440
2016-01-10,61,297
2016-01-11,56,399
2016-01-12,41,380
2016-01-13,35,286
2016-01-14,28,438
2016-01-15,26,354
2016-01-16,52,471
2016-01-17,81,311
2016-01-18,57,445
2016-01-19,33,536
2016-01-20,35,450
2016-01-21,47,502
2016-01-22,67,388
2016-01-23,40,365
2016-01-24,34,261
2016-01-25,27,476
2016-01-26,37,457
2016-01-27,27,414
2016-01-28,40,425
2016-01-29,67,389
2016-01-30,62,388
2016-01-31,41,252
2016-02-01,38,387
2016-02-02,30,367
2016-02-03,37,375
2016-02-04,31,358
2016-02-05,29,315
2016-02-06,26,262
2016-02-07,21,206
2016-02-08,24,184
2016-02-09,22,217
2016-02-10,41,224
2016-02-11,62,219
2016-02-12,85,244
2016-02-13,76,219
2016-02-14,48,288
2016-02-15,38,326
2016-02-16,38,248
2016-02-17,31,270
2016-02-18,29,278
2016-02-19,37,285
2016-02-20,37,172
2016-02-21,38,176
2016-02-22,55,228
2016-02-23,44,232
2016-02-24,37,238
2016-02-25,41,239
2016-02-26,32,245
2016-02-27,48,240
2016-02-28,39,167
2016-02-29,27,311
2016-03-01,37,243
2016-03-02,35,239
2016-03-03,40,264
2016-03-04,56,241
2016-03-05,32,262
2016-03-06,41,164
2016-03-07,34,280
2016-03-08,41,229
2016-03-09,30,239
2016-03-10,24,281
2016-03-11,25,255
2016-03-12,44,276
2016-03-13,38,185
2016-03-14,21,303
2016-03-15,35,310
2016-03-16,35,274
2016-03-17,41,324
2016-03-18,48,339
2016-03-19,49,313
2016-03-20,38,266
2016-03-21,33,349
2016-03-22,37,368
2016-03-23,35,291
2016-03-24,34,329
2016-03-25,27,285
2016-03-26,26,339
2016-03-27,20,242
2016-03-28,33,325
2016-03-29,27,347
2016-03-30,30,310
2016-03-31,48,325
2016-04-01,49,290
2016-04-02,41,264
2016-04-03,45,183
2016-04-04,38,180
2016-04-05,47,344
2016-04-06,50,333
2016-04-07,48,274
2016-04-08,44,236
2016-04-09,48,255
2016-04-10,51,164
2016-04-11,44,264
2016-04-12,63,285
2016-04-13,30,217
2016-04-14,33,233
2016-04-15,33,225
2016-04-16,86,206
2016-04-17,45,139
2016-04-18,30,249
2016-04-19,37,242
2016-04-20,64,204
2016-04-21,41,247
2016-04-22,16,223
2016-04-23,42,244
2016-04-24,41,172
2016-04-25,20,259
2016-04-26,45,231
2016-04-27,51,238
2016-04-28,48,243
2016-04-29,47,218
2016-04-30,50,168
2016-05-01,40,121
2016-05-02,83,118
2016-05-03,29,278
2016-05-04,34,188
2016-05-05,60,231
2016-05-06,31,184
2016-05-07,26,208
2016-05-08,57,135
2016-05-09,89,177
2016-05-10,61,181
2016-05-11,46,173
2016-05-12,60,167
2016-05-13,27,174
2016-05-14,80,133
2016-05-15,42,126
2016-05-16,28,212
2016-05-17,37,170
2016-05-18,35,168
2016-05-19,28,167
2016-05-20,40,187
2016-05-21,41,159
2016-05-22,40,146
2016-05-23,61,214
2016-05-24,35,177
2016-05-25,42,173
2016-05-26,41,163
2016-05-27,63,175
2016-05-28,79,157
2016-05-29,58,171
2016-05-30,43,214
2016-05-31,66,181
2016-06-01,41,195
2016-06-02,35,188
2016-06-03,50,164
2016-06-04,41,182
2016-06-05,68,150
2016-06-06,62,196
2016-06-07,66,167
2016-06-08,53,161
2016-06-09,48,147
2016-06-10,49,163
2016-06-11,38,145
2016-06-12,40,165
2016-06-13,65,173
2016-06-14,80,147
2016-06-15,63,157
2016-06-16,38,174
2016-06-17,34,170
2016-06-18,42,141
2016-06-19,55,149
2016-06-20,65,172
2016-06-21,71,133
2016-06-22,61,136
2016-06-23,93,119
2016-06-24,54,152
2016-06-25,40,139
2016-06-26,42,135
2016-06-27,50,178
2016-06-28,60,156
2016-06-29,60,161
2016-06-30,69,151
2016-07-01,75,138
2016-07-02,60,138
2016-07-03,82,119
2016-07-04,70,195
2016-07-05,67,159
2016-07-06,61,170
2016-07-07,66,150
2016-07-08,66,156
2016-07-09,78,106
2016-07-10,68,113
2016-07-11,60,189
2016-07-12,83,132
2016-07-13,80,159
2016-07-14,79,165
2016-07-15,91,152
2016-07-16,78,148
2016-07-17,73,184
2016-07-18,77,199
2016-07-19,77,181
2016-07-20,82,112
2016-07-21,82,159
2016-07-22,79,144
2016-07-23,71,124
2016-07-24,62,107
2016-07-25,68,155
2016-07-26,80,176
2016-07-27,63,209
2016-07-28,70,150
2016-07-29,68,168
2016-07-30,70,115
2016-07-31,69,112
2016-08-01,92,164
2016-08-02,81,186
2016-08-03,86,156
2016-08-04,81,151
2016-08-05,82,190
2016-08-06,92,169
2016-08-07,96,139
2016-08-08,91,184
2016-08-09,76,160
2016-08-10,66,170
2016-08-11,72,164
2016-08-12,66,173
2016-08-13,79,178
2016-08-14,87,136
2016-08-15,91,217
2016-08-16,98,190
2016-08-17,87,177
2016-08-18,69,183
2016-08-19,99,136
2016-08-20,94,138
2016-08-21,80,114
2016-08-22,75,220
2016-08-23,59,168
2016-08-24,58,189
2016-08-25,83,177
2016-08-26,59,202
2016-08-27,56,165
2016-08-28,58,133
2016-08-29,47,215
2016-08-30,46,184
2016-08-31,51,201
2016-09-01,40,190
2016-09-02,47,188
2016-09-03,58,182
2016-09-04,60,170
2016-09-05,69,221
2016-09-06,69,205
2016-09-07,71,185
2016-09-08,57,185
2016-09-09,48,164
2016-09-10,48,192
2016-09-11,63,170
2016-09-12,65,223
2016-09-13,69,196
2016-09-14,64,214
2016-09-15,65,140
2016-09-16,58,178
2016-09-17,62,190
2016-09-18,62,248
2016-09-19,56,233
2016-09-20,47,183
2016-09-21,42,228
2016-09-22,40,236
2016-09-23,48,259
2016-09-24,57,240
2016-09-25,57,219
2016-09-26,64,274
2016-09-27,64,224
2016-09-28,60,212
2016-09-29,50,216
2016-09-30,46,236
2016-10-01,63,146
2016-10-02,69,178
2016-10-03,65,177
2016-10-04,52,180
2016-10-05,51,181
2016-10-06,53,160
2016-10-07,83,174
2016-10-08,47,204
2016-10-09,42,214
2016-10-10,49,211
2016-10-11,51,220
2016-10-12,55,214
2016-10-13,47,198
2016-10-14,45,224
2016-10-15,91,182
2016-10-16,85,183
2016-10-17,77,262
2016-10-18,77,234
2016-10-19,69,217
2016-10-20,64,229
2016-10-21,90,235
2016-10-22,92,138
2016-10-23,90,170
2016-10-24,84,228
2016-10-25,84,206
2016-10-26,83,232
2016-10-27,86,228
2016-10-28,51,224
2016-10-29,39,206
2016-10-30,55,219
2016-10-31,76,254
2016-11-01,37,230
2016-11-02,65,265
2016-11-03,59,251
2016-11-04,56,262
2016-11-05,70,248
2016-11-06,74,236
2016-11-07,94,263
2016-11-08,66,275
2016-11-09,50,252
2016-11-10,59,271
2016-11-11,67,264
2016-11-12,75,227
2016-11-13,62,234
2016-11-14,45,324
2016-11-15,37,301
2016-11-16,38,305
2016-11-17,60,297
2016-11-18,84,326
2016-11-19,88,290
2016-11-20,68,274
2016-11-21,88,301
2016-11-22,54,248
2016-11-23,52,304
2016-11-24,35,300
2016-11-25,33,341
2016-11-26,42,292
2016-11-27,44,296
2016-11-28,38,379
2016-11-29,47,321
2016-11-30,59,288
2016-12-01,47,357
2016-12-02,49,370
2016-12-03,48,301
2016-12-04,55,293
2016-12-05,68,377
2016-12-06,42,359
2016-12-07,43,302
2016-12-08,39,313
2016-12-09,52,363
2016-12-10,56,339
2016-12-11,53,311
2016-12-12,86,461
2016-12-13,64,371
2016-12-14,51,385
2016-12-15,50,364
2016-12-16,35,372
2016-12-17,46,354
2016-12-18,63,343
2016-12-19,76,446
2016-12-20,87,388
2016-12-21,97,369
2016-12-22,94,388
2016-12-23,51,421
2016-12-24,55,356
2016-12-25,86,295
2016-12-26,95,356
2016-12-27,79,350
2016-12-28,79,340
2016-12-29,55,383
2016-12-30,52,407
2016-12-31,58,322
2017-01-01,65,249
2017-01-02,82,332
2017-01-03,63,387
2017-01-04,90,307
2017-01-05,95,348
2017-01-06,83,372
2017-01-07,94,272
2017-01-08,90,245
2017-01-09,77,364
2017-01-10,57,344
2017-01-11,61,305
2017-01-12,64,274
2017-01-13,39,296
2017-01-14,44,259
2017-01-15,56,242
2017-01-16,56,336
2017-01-17,65,281
2017-01-18,73,278
2017-01-19,34,285
2017-01-20,27,261
2017-01-21,29,205
2017-01-22,30,229
2017-01-23,36,306
2017-01-24,46,280
2017-01-25,45,302
2017-01-26,40,275
2017-01-27,29,137
2017-01-28,82,163
2017-01-29,54,177
2017-01-30,38,234
2017-01-31,47,213
2017-02-01,50,218
2017-02-02,45,246
2017-02-03,62,324
2017-02-04,78,319
2017-02-05,38,237
2017-02-06,47,334
2017-02-07,50,259
2017-02-08,36,268
2017-02-09,25,263
2017-02-10,23,214
2017-02-11,25,198
2017-02-12,30,166
2017-02-13,35,287
2017-02-14,36,205
2017-02-15,27,237
2017-02-16,48,220
2017-02-17,34,206
2017-02-18,39,200
2017-02-19,51,148
2017-02-20,33,277
2017-02-21,55,189
2017-02-22,77,155
2017-02-23,42,225
2017-02-24,38,204
2017-02-25,35,210
2017-02-26,32,164
2017-02-27,35,230
2017-02-28,42,252
2017-03-01,58,211
2017-03-02,25,189
2017-03-03,32,233
2017-03-04,48,179
2017-03-05,46,186
2017-03-06,33,291
2017-03-07,31,237
2017-03-08,22,173
2017-03-09,22,221
2017-03-10,18,229
2017-03-11,30,186
2017-03-12,31,164
2017-03-13,26,291
2017-03-14,25,261
2017-03-15,23,241
2017-03-16,29,249
2017-03-17,38,238
2017-03-18,37,212
2017-03-19,25,181
2017-03-20,57,270
2017-03-21,31,210
2017-03-22,43,245
2017-03-23,71,186
2017-03-24,79,226
2017-03-25,66,184
2017-03-26,39,177
2017-03-27,38,240
2017-03-28,81,215
2017-03-29,47,241
2017-03-30,62,237
2017-03-31,55,238
2017-04-01,32,201
2017-04-02,36,172
2017-04-03,30,163
2017-04-04,71,175
2017-04-05,88,316
2017-04-06,68,256
2017-04-07,68,236
2017-04-08,72,197
2017-04-09,30,181
2017-04-10,40,263
2017-04-11,49,192
2017-04-12,46,277
2017-04-13,51,204
2017-04-14,42,221
2017-04-15,58,212
2017-04-16,83,174
2017-04-17,38,269
2017-04-18,22,219
2017-04-19,61,252
2017-04-20,44,235
2017-04-21,60,216
2017-04-22,31,212
2017-04-23,34,187
2017-04-24,41,283
2017-04-25,49,241
2017-04-26,34,214
2017-04-27,21,240
2017-04-28,21,248
2017-04-29,25,194
2017-04-30,42,166
2017-05-01,44,150
2017-05-02,31,230
2017-05-03,61,200
2017-05-04,71,199
2017-05-05,31,214
2017-05-06,29,213
2017-05-07,34,172
2017-05-08,72,248
2017-05-09,51,253
2017-05-10,53,229
2017-05-11,40,182
2017-05-12,44,211
2017-05-13,33,189
2017-05-14,35,185
2017-05-15,41,237
2017-05-16,37,238
2017-05-17,40,199
2017-05-18,39,218
2017-05-19,40,210
2017-05-20,48,214
